Row #,Original Name,Normalized Name,Status,Score,Matched Name,Matched SKU,DB Normalized Name,Jaccard Score,Sequence Score,Matched Tokens,Unmatched Query Tokens,Unmatched DB Tokens,Candidate Count,All Candidates (JSON)
1,*CIPRALEX 10MG 28T,cipralex 10 mg 28 tab,matched,100.00%,Cipralex 10 mg 28 Tablets,125245,cipralex 10 mg 28 tab,100.00%,100.00%,"cipralex, 10, mg, 28, tab",,,7855,"[{""name"":""Cipralex 10 mg 28 Tablets"",""score"":""100.00%"",""sku"":""125245"",""db_normalized"":""cipralex 10 mg 28 tab"",""jaccard"":1,""sequence"":1,""matched"":[""cipralex"",""10"",""mg"",""28"",""tab""],""unmatched_q"":[],""unmatched_db"":[]}]"
2,*SUDOCREM 125MG CREAM,sudocrem 125 mg cream,no_match,45.40%,Solo Cream 125 gm,132295,solo 125 gm cream,33.33%,73.68%,"125, cream","sudocrem, mg","solo, gm",8034,"[{""name"":""Solo Cream 125 gm"",""score"":""45.40%"",""sku"":""132295"",""db_normalized"":""solo 125 gm cream"",""jaccard"":0.3333,""sequence"":0.7368,""matched"":[""125"",""cream""],""unmatched_q"":[""sudocrem"",""mg""],""unmatched_db"":[""solo"",""gm""]}]"
3,*SUDOCREM 60GM CREAM,sudocrem 60 gm cream,review,59.60%,Biocare Cream 60 gm,122834,biocare 60 gm cream,50.00%,82.05%,"60, gm, cream",sudocrem,biocare,5172,"[{""name"":""Biocare Cream 60 gm"",""score"":""59.60%"",""sku"":""122834"",""db_normalized"":""biocare 60 gm cream"",""jaccard"":0.5,""sequence"":0.8205,""matched"":[""60"",""gm"",""cream""],""unmatched_q"":[""sudocrem""],""unmatched_db"":[""biocare""]}]"
4,123 EXTRA 20 TAB,123 extra 20 tab,review,65.00%,Dosin 1 mg 20 Tablets,132108,dosin 1 mg 20 tab,69.51%,54.55%,"123, 20, tab",extra,"dosin, mg",5727,"[{""name"":""Dosin 1 mg 20 Tablets"",""score"":""65.00%"",""sku"":""132108"",""db_normalized"":""dosin 1 mg 20 tab"",""jaccard"":0.6951,""sequence"":0.5455,""matched"":[""123"",""20"",""tab""],""unmatched_q"":[""extra""],""unmatched_db"":[""dosin"",""mg""]}]"
5,123 SYP 120ML,123 syrup 120 ml,review,82.70%,Decal - B12 Syrup 120 ml,113840,decal b 12 syrup 120 ml,74.44%,76.92%,"123, syrup, 120, ml",,"decal, b",11629,"[{""name"":""Decal - B12 Syrup 120 ml"",""score"":""82.70%"",""sku"":""113840"",""db_normalized"":""decal b 12 syrup 120 ml"",""jaccard"":0.7444,""sequence"":0.7692,""matched"":[""123"",""syrup"",""120"",""ml""],""unmatched_q"":[],""unmatched_db"":[""decal"",""b""]}]"
6,20 امواس حلاقة لورد,20 blades لورد shaving,no_match,39.50%,Razor Med Surgical Blade - Size (20),50712,med 20 razor surgical blade size,39.00%,40.74%,"20, blades","لورد, shaving","med, razor, surgical, size",2367,"[{""name"":""Razor Med Surgical Blade - Size (20)"",""score"":""39.50%"",""sku"":""50712"",""db_normalized"":""med 20 razor surgical blade size"",""jaccard"":0.39,""sequence"":0.4074,""matched"":[""20"",""blades""],""unmatched_q"":[""لورد"",""shaving""],""unmatched_db"":[""med"",""razor"",""surgical"",""size""]}]"
7,2منقار كارت,2 tweezer card,no_match,39.80%,Canpol Babies Water Teether Car (2/207)(Random Color Choice),88679,canpol babies water teether car 2 207 random color choice,38.45%,30.99%,"2, tweezer, card",,"canpol, babies, water, 207, random, color, choice",796,"[{""name"":""Canpol Babies Water Teether Car (2/207)(Random Color Choice)"",""score"":""39.80%"",""sku"":""88679"",""db_normalized"":""canpol babies water teether car 2 207 random color choice"",""jaccard"":0.3845,""sequence"":0.3099,""matched"":[""2"",""tweezer"",""card""],""unmatched_q"":[],""unmatched_db"":[""canpol"",""babies"",""water"",""207"",""random"",""color"",""choice""]}]"
8,2منقار ملون,2 tweezer colored,no_match,43.40%,Lord Cool (L.157CP) 2 Plus,125442,lord cool l.157 cp 2 plus,51.77%,23.81%,"2, colored",tweezer,"cool, l.157, cp, plus",819,"[{""name"":""Lord Cool (L.157CP) 2 Plus"",""score"":""43.40%"",""sku"":""125442"",""db_normalized"":""lord cool l.157 cp 2 plus"",""jaccard"":0.5177,""sequence"":0.2381,""matched"":[""2"",""colored""],""unmatched_q"":[""tweezer""],""unmatched_db"":[""cool"",""l.157"",""cp"",""plus""]}]"
9,3استيك علي كارت,علي card 3 stick,no_match,29.30%,Schick Intuition Sensitive Care Blades 3 Pieces 4 Blades,137835,schick intuition care blades 3 pieces 4 blades sensitive,28.74%,30.56%,"card, 3, stick",علي,"intuition, blades, pieces, 4, blades, sensitive",949,"[{""name"":""Schick Intuition Sensitive Care Blades 3 Pieces 4 Blades"",""score"":""29.30%"",""sku"":""137835"",""db_normalized"":""schick intuition care blades 3 pieces 4 blades sensitive"",""jaccard"":0.2874,""sequence"":0.3056,""matched"":[""card"",""3"",""stick""],""unmatched_q"":[""علي""],""unmatched_db"":[""intuition"",""blades"",""pieces"",""4"",""blades"",""sensitive""]}]"
10,4 قGTT FUSION 5 موس,4 قgtt fusion 5 موس,review,57.20%,Gillette Fusion 5 Pro 4 Refills,82770,gillette fusion 5 pro 4 refills,59.41%,52.00%,"4, fusion, 5","قgtt, موس","gillette, pro, refills",1829,"[{""name"":""Gillette Fusion 5 Pro 4 Refills"",""score"":""57.20%"",""sku"":""82770"",""db_normalized"":""gillette fusion 5 pro 4 refills"",""jaccard"":0.5941,""sequence"":0.52,""matched"":[""4"",""fusion"",""5""],""unmatched_q"":[""قgtt"",""موس""],""unmatched_db"":[""gillette"",""pro"",""refills""]}]"
11,500 ML حمام كريم ارجان,حمام كريم ارجان 500 ml,no_match,33.60%,Voluven 6% 500 ml,131489,voluven 6 500 ml,30.00%,42.11%,"500, ml","حمام, كريم, ارجان","voluven, 6",11841,"[{""name"":""Voluven 6% 500 ml"",""score"":""33.60%"",""sku"":""131489"",""db_normalized"":""voluven 6 500 ml"",""jaccard"":0.3,""sequence"":0.4211,""matched"":[""500"",""ml""],""unmatched_q"":[""حمام"",""كريم"",""ارجان""],""unmatched_db"":[""voluven"",""6""]}]"
12,A TRIX,a trix,no_match,37.50%,Coloverin A 30 Tablets,124447,coloverin a 30 tab,42.86%,25.00%,a,trix,"coloverin, 30, tab",54,"[{""name"":""Coloverin A 30 Tablets"",""score"":""37.50%"",""sku"":""124447"",""db_normalized"":""coloverin a 30 tab"",""jaccard"":0.4286,""sequence"":0.25,""matched"":[""a""],""unmatched_q"":[""trix""],""unmatched_db"":[""coloverin"",""30"",""tab""]}]"
13,ABIMOL 300MG INF SUPP,abimol 300 mg infant supp,review,51.00%,Abimol 300 mg 5 Rectal Suppositories,118563,abimol 5 rectal suppositories 300 mg,54.55%,42.62%,"abimol, 300, mg","infant, supp","5, rectal, suppositories",5766,"[{""name"":""Abimol 300 mg 5 Rectal Suppositories"",""score"":""51.00%"",""sku"":""118563"",""db_normalized"":""abimol 5 rectal suppositories 300 mg"",""jaccard"":0.5455,""sequence"":0.4262,""matched"":[""abimol"",""300"",""mg""],""unmatched_q"":[""infant"",""supp""],""unmatched_db"":[""5"",""rectal"",""suppositories""]}]"
14,ABIMOL 500MG EXTRA 20TAB,abimol extra 500 mg 20 tab,matched,100.00%,Abimol Extra 500 mg 20 Tablets,129298,abimol extra 500 mg 20 tab,100.00%,100.00%,"abimol, extra, 500, mg, 20, tab",,,8137,"[{""name"":""Abimol Extra 500 mg 20 Tablets"",""score"":""100.00%"",""sku"":""129298"",""db_normalized"":""abimol extra 500 mg 20 tab"",""jaccard"":1,""sequence"":1,""matched"":[""abimol"",""extra"",""500"",""mg"",""20"",""tab""],""unmatched_q"":[],""unmatched_db"":[]}]"
15,ACETON SPRAY 50ML,aceton spray 50 ml,review,60.80%,Vacation Sunscreen Lotion Spray SPF 50 200 ml,108090,vacation sunscreen spf 50 lotion spray 200 ml,55.84%,53.97%,"aceton, spray, 50, ml",,"sunscreen, spf, lotion, 200",12639,"[{""name"":""Vacation Sunscreen Lotion Spray SPF 50 200 ml"",""score"":""60.80%"",""sku"":""108090"",""db_normalized"":""vacation sunscreen spf 50 lotion spray 200 ml"",""jaccard"":0.5584,""sequence"":0.5397,""matched"":[""aceton"",""spray"",""50"",""ml""],""unmatched_q"":[],""unmatched_db"":[""sunscreen"",""spf"",""lotion"",""200""]}]"
16,ACETONE LIZA 100ML,acetone liza 100 ml,review,64.80%,Acetylovan Syrup 100 ml,138785,acetylovan syrup 100 ml,63.97%,66.67%,"acetone, 100, ml",liza,syrup,12254,"[{""name"":""Acetylovan Syrup 100 ml"",""score"":""64.80%"",""sku"":""138785"",""db_normalized"":""acetylovan syrup 100 ml"",""jaccard"":0.6397,""sequence"":0.6667,""matched"":[""acetone"",""100"",""ml""],""unmatched_q"":[""liza""],""unmatched_db"":[""syrup""]}]"
17,ACETYLCISTEIN 600MG 10SACH,acetylcistein 600 mg 10 sachet,matched,100.00%,Acetylcistein 600 mg 10 Sachets,128582,acetylcistein 600 mg 10 sachet,100.00%,100.00%,"acetylcistein, 600, mg, 10, sachet",,,6987,"[{""name"":""Acetylcistein 600 mg 10 Sachets"",""score"":""100.00%"",""sku"":""128582"",""db_normalized"":""acetylcistein 600 mg 10 sachet"",""jaccard"":1,""sequence"":1,""matched"":[""acetylcistein"",""600"",""mg"",""10"",""sachet""],""unmatched_q"":[],""unmatched_db"":[]}]"
18,ACETYLCISTEINE 200MG x10P,acetylcisteine 10 200 mg,matched,90.30%,Acetylcistein 200 mg 10 Sachets,134666,acetylcistein 200 mg 10 sachet,85.56%,74.07%,"acetylcisteine, 10, 200, mg",,sachet,7996,"[{""name"":""Acetylcistein 200 mg 10 Sachets"",""score"":""90.30%"",""sku"":""134666"",""db_normalized"":""acetylcistein 200 mg 10 sachet"",""jaccard"":0.8556,""sequence"":0.7407,""matched"":[""acetylcisteine"",""10"",""200"",""mg""],""unmatched_q"":[],""unmatched_db"":[""sachet""]}]"
19,ACHTENON 2MG 20TAB,achtenon 2 mg 20 tab,matched,85.20%,Achtenon 2 mg 30 Tablets,132019,achtenon 2 mg 30 tab,70.00%,95.00%,"achtenon, 2, mg, tab",20,30,7983,"[{""name"":""Achtenon 2 mg 30 Tablets"",""score"":""85.20%"",""sku"":""132019"",""db_normalized"":""achtenon 2 mg 30 tab"",""jaccard"":0.7,""sequence"":0.95,""matched"":[""achtenon"",""2"",""mg"",""tab""],""unmatched_q"":[""20""],""unmatched_db"":[""30""]}]"
20,ACIVIRAX 800MG 20TAB,acivirax 800 mg 20 tab,matched,100.00%,Acivirax 800 mg 20 Tablets,127351,acivirax 800 mg 20 tab,100.00%,100.00%,"acivirax, 800, mg, 20, tab",,,7480,"[{""name"":""Acivirax 800 mg 20 Tablets"",""score"":""100.00%"",""sku"":""127351"",""db_normalized"":""acivirax 800 mg 20 tab"",""jaccard"":1,""sequence"":1,""matched"":[""acivirax"",""800"",""mg"",""20"",""tab""],""unmatched_q"":[],""unmatched_db"":[]}]"
21,ACRETIN 0.025% 30GM CREAM,acretin 0.025 30 gm cream,matched,100.00%,Acretin 0.05 % Cream 30 gm,133026,acretin 30 gm 0.05 cream,97.53%,77.55%,"acretin, 0.025, 30, gm, cream",,,8096,"[{""name"":""Acretin 0.05 % Cream 30 gm"",""score"":""100.00%"",""sku"":""133026"",""db_normalized"":""acretin 30 gm 0.05 cream"",""jaccard"":0.9753,""sequence"":0.7755,""matched"":[""acretin"",""0.025"",""30"",""gm"",""cream""],""unmatched_q"":[],""unmatched_db"":[]}]"
22,ACRETIN 0.05% 30GM CR,acretin 0.05 30 gm cream,matched,100.00%,Acretin 0.05 % Cream 30 gm,133026,acretin 30 gm 0.05 cream,100.00%,79.17%,"acretin, 0.05, 30, gm, cream",,,8100,"[{""name"":""Acretin 0.05 % Cream 30 gm"",""score"":""100.00%"",""sku"":""133026"",""db_normalized"":""acretin 30 gm 0.05 cream"",""jaccard"":1,""sequence"":0.7917,""matched"":[""acretin"",""0.05"",""30"",""gm"",""cream""],""unmatched_q"":[],""unmatched_db"":[]}]"
23,ACTI-COLLA C 10SACHETS,acti colla c 10 sachet,matched,100.00%,Acti - Colla ( C ) 10 Sachets,124912,acti colla c 10 sachet,100.00%,100.00%,"acti, colla, c, 10, sachet",,,2895,"[{""name"":""Acti - Colla ( C ) 10 Sachets"",""score"":""100.00%"",""sku"":""124912"",""db_normalized"":""acti colla c 10 sachet"",""jaccard"":1,""sequence"":1,""matched"":[""acti"",""colla"",""c"",""10"",""sachet""],""unmatched_q"":[],""unmatched_db"":[]}]"
24,ACTRAPID 100IU/ML 5PENFILثلاجة,actrapid 5 penfilثلاجه 100 iu ml,review,62.80%,Insulin Actrapid 5 Penfills 100 IU (Fridge),133383,insulin actrapid 5 penfills fridge 100 iu,61.54%,65.75%,"actrapid, 5, 100, iu","penfilثلاجه, ml","insulin, penfills, fridge",13049,"[{""name"":""Insulin Actrapid 5 Penfills 100 IU (Fridge)"",""score"":""62.80%"",""sku"":""133383"",""db_normalized"":""insulin actrapid 5 penfills fridge 100 iu"",""jaccard"":0.6154,""sequence"":0.6575,""matched"":[""actrapid"",""5"",""100"",""iu""],""unmatched_q"":[""penfilثلاجه"",""ml""],""unmatched_db"":[""insulin"",""penfills"",""fridge""]}]"
25,ACYCLOVIR 400 STADA 35T,acyclovir 400 stada 35 tab,matched,100.00%,Acyclovir 400 Stada 35 Tablets,128594,acyclovir 400 stada 35 tab,100.00%,100.00%,"acyclovir, 400, stada, 35, tab",,,4855,"[{""name"":""Acyclovir 400 Stada 35 Tablets"",""score"":""100.00%"",""sku"":""128594"",""db_normalized"":""acyclovir 400 stada 35 tab"",""jaccard"":1,""sequence"":1,""matched"":[""acyclovir"",""400"",""stada"",""35"",""tab""],""unmatched_q"":[],""unmatched_db"":[]}]"
26,ACYCLOVIR 5% 10MG CREAM,acyclovir 5 10 mg cream,matched,90.30%,Acyclovir 5% Cream 10 gm,130820,acyclovir 10 gm 5 cream,80.00%,86.96%,"acyclovir, 5, 10, cream",mg,gm,9503,"[{""name"":""Acyclovir 5% Cream 10 gm"",""score"":""90.30%"",""sku"":""130820"",""db_normalized"":""acyclovir 10 gm 5 cream"",""jaccard"":0.8,""sequence"":0.8696,""matched"":[""acyclovir"",""5"",""10"",""cream""],""unmatched_q"":[""mg""],""unmatched_db"":[""gm""]}]"
27,ADAPALENE0.1% GEL,adapalene 0.1 gel,review,78.90%,Aknapalene 0.1% Gel 25 gm,141858,aknapalene 25 gm 0.1 gel,69.08%,78.05%,"adapalene, 0.1, gel",,"25, gm",1377,"[{""name"":""Aknapalene 0.1% Gel 25 gm"",""score"":""78.90%"",""sku"":""141858"",""db_normalized"":""aknapalene 25 gm 0.1 gel"",""jaccard"":0.6908,""sequence"":0.7805,""matched"":[""adapalene"",""0.1"",""gel""],""unmatched_q"":[],""unmatched_db"":[""25"",""gm""]}]"
28,ADIDAS  SPRAY DYNAMIC PULSE150ML,adidas dynamic pulse spray 150 ml,matched,89.30%,Adidas Dynamic Pulse Deodorant Spray (48H) 150 ml,138799,adidas dynamic pulse 48 h deodorant spray 150 ml,81.08%,81.48%,"adidas, dynamic, pulse, spray, 150, ml",,"48, h, deodorant",11606,"[{""name"":""Adidas Dynamic Pulse Deodorant Spray (48H) 150 ml"",""score"":""89.30%"",""sku"":""138799"",""db_normalized"":""adidas dynamic pulse 48 h deodorant spray 150 ml"",""jaccard"":0.8108,""sequence"":0.8148,""matched"":[""adidas"",""dynamic"",""pulse"",""spray"",""150"",""ml""],""unmatched_q"":[],""unmatched_db"":[""48"",""h"",""deodorant""]}]"
29,ADIDAS  SPRAY ICE DIVE150ML,adidas ice dive spray 150 ml,matched,88.50%,Adidas Ice Dive Deodorant Spray (48H) 150 ml,138798,adidas ice dive 48 h deodorant spray 150 ml,81.08%,78.87%,"adidas, ice, dive, spray, 150, ml",,"48, h, deodorant",11606,"[{""name"":""Adidas Ice Dive Deodorant Spray (48H) 150 ml"",""score"":""88.50%"",""sku"":""138798"",""db_normalized"":""adidas ice dive 48 h deodorant spray 150 ml"",""jaccard"":0.8108,""sequence"":0.7887,""matched"":[""adidas"",""ice"",""dive"",""spray"",""150"",""ml""],""unmatched_q"":[],""unmatched_db"":[""48"",""h"",""deodorant""]}]"
30,ADIDAS  SPRAY VICTORY LEAGUE150ML,adidas victory league spray 150 ml,matched,89.50%,Adidas Victory League Deodorant Spray (48H) 150 ml,138801,adidas victory league 48 h deodorant spray 150 ml,81.08%,81.93%,"adidas, victory, league, spray, 150, ml",,"48, h, deodorant",11600,"[{""name"":""Adidas Victory League Deodorant Spray (48H) 150 ml"",""score"":""89.50%"",""sku"":""138801"",""db_normalized"":""adidas victory league 48 h deodorant spray 150 ml"",""jaccard"":0.8108,""sequence"":0.8193,""matched"":[""adidas"",""victory"",""league"",""spray"",""150"",""ml""],""unmatched_q"":[],""unmatched_db"":[""48"",""h"",""deodorant""]}]"
31,ADIDAS SPRAY PURE GAME,adidas game spray pure,review,63.70%,Adidas Pure Game  Deodorant Spray (48H) 150 ml,138800,adidas game 48 h pure deodorant spray 150 ml,59.41%,54.55%,"adidas, game, spray, pure",,"48, h, deodorant, 150, ml",1097,"[{""name"":""Adidas Pure Game  Deodorant Spray (48H) 150 ml"",""score"":""63.70%"",""sku"":""138800"",""db_normalized"":""adidas game 48 h pure deodorant spray 150 ml"",""jaccard"":0.5941,""sequence"":0.5455,""matched"":[""adidas"",""game"",""spray"",""pure""],""unmatched_q"":[],""unmatched_db"":[""48"",""h"",""deodorant"",""150"",""ml""]}]"
32,ADOLOR 10MG 20TAB,adolor 10 mg 20 tab,matched,100.00%,Adolor 10 mg 20 Tablets,129885,adolor 10 mg 20 tab,100.00%,100.00%,"adolor, 10, mg, 20, tab",,,8646,"[{""name"":""Adolor 10 mg 20 Tablets"",""score"":""100.00%"",""sku"":""129885"",""db_normalized"":""adolor 10 mg 20 tab"",""jaccard"":1,""sequence"":1,""matched"":[""adolor"",""10"",""mg"",""20"",""tab""],""unmatched_q"":[],""unmatched_db"":[]}]"
33,ADOLOR 15MG 3AMP,adolor 15 mg 3 injectable,matched,93.00%,Adolor 15 mg/1 ml 3 Ampoules,122020,adolor 15 mg 1 ml 3 injectable,81.82%,90.91%,"adolor, 15, mg, 3, injectable",,"1, ml",7087,"[{""name"":""Adolor 15 mg/1 ml 3 Ampoules"",""score"":""93.00%"",""sku"":""122020"",""db_normalized"":""adolor 15 mg 1 ml 3 injectable"",""jaccard"":0.8182,""sequence"":0.9091,""matched"":[""adolor"",""15"",""mg"",""3"",""injectable""],""unmatched_q"":[],""unmatched_db"":[""1"",""ml""]}]"
34,ADOLOR 30MG 3AMP,adolor 30 mg 3 injectable,matched,93.00%,Adolor 30 mg/2 ml 3 Ampoules,126792,adolor 30 mg 2 ml 3 injectable,81.82%,90.91%,"adolor, 30, mg, 3, injectable",,"2, ml",8894,"[{""name"":""Adolor 30 mg/2 ml 3 Ampoules"",""score"":""93.00%"",""sku"":""126792"",""db_normalized"":""adolor 30 mg 2 ml 3 injectable"",""jaccard"":0.8182,""sequence"":0.9091,""matched"":[""adolor"",""30"",""mg"",""3"",""injectable""],""unmatched_q"":[],""unmatched_db"":[""2"",""ml""]}]"
35,ADWIFLAM 50GM GEL,adwiflam 50 gm gel,review,73.50%,Adwiflam Emulgel 50 gm,129218,adwiflam emulgel 50 gm,75.00%,70.00%,"adwiflam, 50, gm",gel,emulgel,5779,"[{""name"":""Adwiflam Emulgel 50 gm"",""score"":""73.50%"",""sku"":""129218"",""db_normalized"":""adwiflam emulgel 50 gm"",""jaccard"":0.75,""sequence"":0.7,""matched"":[""adwiflam"",""50"",""gm""],""unmatched_q"":[""gel""],""unmatched_db"":[""emulgel""]}]"
36,ADWIFLAM 75MG 6AMB,adwiflam 75 mg 6 injectable,matched,93.20%,Adwiflam 75 mg/3 ml 6 Ampoules,126041,adwiflam 75 mg 3 ml 6 injectable,81.82%,91.53%,"adwiflam, 75, mg, 6, injectable",,"3, ml",6394,"[{""name"":""Adwiflam 75 mg/3 ml 6 Ampoules"",""score"":""93.20%"",""sku"":""126041"",""db_normalized"":""adwiflam 75 mg 3 ml 6 injectable"",""jaccard"":0.8182,""sequence"":0.9153,""matched"":[""adwiflam"",""75"",""mg"",""6"",""injectable""],""unmatched_q"":[],""unmatched_db"":[""3"",""ml""]}]"
37,AERIUS 5MG 20TAB,aerius 5 mg 20 tab,matched,96.00%,Aerius 5 mg 20 Film Coated Tablets,127697,aerius 20 film coated 5 mg tab,97.83%,62.50%,"aerius, 5, mg, 20, tab",,"film, coated",7988,"[{""name"":""Aerius 5 mg 20 Film Coated Tablets"",""score"":""96.00%"",""sku"":""127697"",""db_normalized"":""aerius 20 film coated 5 mg tab"",""jaccard"":0.9783,""sequence"":0.625,""matched"":[""aerius"",""5"",""mg"",""20"",""tab""],""unmatched_q"":[],""unmatched_db"":[""film"",""coated""]}]"
38,AEROCHAMBER مصري,aerochamber egyptian,no_match,44.00%,Granzia Vento-2 Aerochamber,84062,granzia vento 2 aerochamber,42.86%,46.81%,aerochamber,egyptian,"granzia, vento, 2",4,"[{""name"":""Granzia Vento-2 Aerochamber"",""score"":""44.00%"",""sku"":""84062"",""db_normalized"":""granzia vento 2 aerochamber"",""jaccard"":0.4286,""sequence"":0.4681,""matched"":[""aerochamber""],""unmatched_q"":[""egyptian""],""unmatched_db"":[""granzia"",""vento"",""2""]}]"
39,AFROMED 30 CAP,afromed 30 cap,matched,100.00%,Afromed 30 Capsules,140131,afromed 30 cap,100.00%,100.00%,"afromed, 30, cap",,,5136,"[{""name"":""Afromed 30 Capsules"",""score"":""100.00%"",""sku"":""140131"",""db_normalized"":""afromed 30 cap"",""jaccard"":1,""sequence"":1,""matched"":[""afromed"",""30"",""cap""],""unmatched_q"":[],""unmatched_db"":[]}]"
40,AGERA ACNE CREAM 50G,agera acne 50 gm cream,matched,96.10%,Agera Cream 50 gm,82549,agera 50 gm cream,87.50%,87.18%,"agera, 50, gm, cream",acne,,5959,"[{""name"":""Agera Cream 50 gm"",""score"":""96.10%"",""sku"":""82549"",""db_normalized"":""agera 50 gm cream"",""jaccard"":0.875,""sequence"":0.8718,""matched"":[""agera"",""50"",""gm"",""cream""],""unmatched_q"":[""acne""],""unmatched_db"":[]}]"
41,AGGREX 75MG 60TAB,aggrex 75 mg 60 tab,matched,100.00%,Aggrex 75 mg 60 Tablets,127936,aggrex 75 mg 60 tab,100.00%,100.00%,"aggrex, 75, mg, 60, tab",,,7794,"[{""name"":""Aggrex 75 mg 60 Tablets"",""score"":""100.00%"",""sku"":""127936"",""db_normalized"":""aggrex 75 mg 60 tab"",""jaccard"":1,""sequence"":1,""matched"":[""aggrex"",""75"",""mg"",""60"",""tab""],""unmatched_q"":[],""unmatched_db"":[]}]"
42,AGIOLAX GRAN. 5GM 12SAC.,agiolax granules 5000 mg 12 sachet,matched,97.30%,Agiolax 12 Sachets 5 gm,134471,agiolax 5000 mg 12 sachet,90.00%,84.75%,"agiolax, 5000, mg, 12, sachet",granules,,6049,"[{""name"":""Agiolax 12 Sachets 5 gm"",""score"":""97.30%"",""sku"":""134471"",""db_normalized"":""agiolax 5000 mg 12 sachet"",""jaccard"":0.9,""sequence"":0.8475,""matched"":[""agiolax"",""5000"",""mg"",""12"",""sachet""],""unmatched_q"":[""granules""],""unmatched_db"":[]}]"
43,AIG RELAX MASSAGE GEL 50G,aig relax 50 gm massage gel,review,81.70%,Relax Massage Gel 50 gm,127225,relax 50 gm massage gel,66.67%,92.00%,"relax, 50, gm, massage, gel",aig,,5846,"[{""name"":""Relax Massage Gel 50 gm"",""score"":""81.70%"",""sku"":""127225"",""db_normalized"":""relax 50 gm massage gel"",""jaccard"":0.6667,""sequence"":0.92,""matched"":[""relax"",""50"",""gm"",""massage"",""gel""],""unmatched_q"":[""aig""],""unmatched_db"":[]}]"
44,AIRONYL 120CC SYP.,aironyl syrup 120 ml,matched,85.90%,Alvital Iron Syrup 120 ml,35746,alvital iron syrup 120 ml,77.27%,80.00%,"aironyl, syrup, 120, ml",,alvital,11628,"[{""name"":""Alvital Iron Syrup 120 ml"",""score"":""85.90%"",""sku"":""35746"",""db_normalized"":""alvital iron syrup 120 ml"",""jaccard"":0.7727,""sequence"":0.8,""matched"":[""aironyl"",""syrup"",""120"",""ml""],""unmatched_q"":[],""unmatched_db"":[""alvital""]}]"
45,AIRONYL 20TAB.,aironyl 20 tab,review,84.10%,Aironyl 2.5 mg 20 Tablets,132857,aironyl 2.5 mg 20 tab,75.00%,80.00%,"aironyl, 20, tab",,"2.5, mg",5529,"[{""name"":""Aironyl 2.5 mg 20 Tablets"",""score"":""84.10%"",""sku"":""132857"",""db_normalized"":""aironyl 2.5 mg 20 tab"",""jaccard"":0.75,""sequence"":0.8,""matched"":[""aironyl"",""20"",""tab""],""unmatched_q"":[],""unmatched_db"":[""2.5"",""mg""]}]"
46,ALBENDAZOLE 30ML SUSP,albendazole suspension 30 ml,review,76.20%,Albendazole 200 mg/5 ml Suspension 30 ml,114198,albendazole 200 mg suspension 5 ml 30 ml,63.64%,82.35%,"albendazole, suspension, 30, ml",,"200, mg, 5, ml",14834,"[{""name"":""Albendazole 200 mg/5 ml Suspension 30 ml"",""score"":""76.20%"",""sku"":""114198"",""db_normalized"":""albendazole 200 mg suspension 5 ml 30 ml"",""jaccard"":0.6364,""sequence"":0.8235,""matched"":[""albendazole"",""suspension"",""30"",""ml""],""unmatched_q"":[],""unmatched_db"":[""200"",""mg"",""5"",""ml""]}]"
47,ALBENDAZOLE 400MG 6 TAB,albendazole 400 mg 6 tab,matched,100.00%,Albendazole 400 mg 6 Tablets,126022,albendazole 400 mg 6 tab,100.00%,100.00%,"albendazole, 400, mg, 6, tab",,,7281,"[{""name"":""Albendazole 400 mg 6 Tablets"",""score"":""100.00%"",""sku"":""126022"",""db_normalized"":""albendazole 400 mg 6 tab"",""jaccard"":1,""sequence"":1,""matched"":[""albendazole"",""400"",""mg"",""6"",""tab""],""unmatched_q"":[],""unmatched_db"":[]}]"
48,ALBOTHYL 8 VAGINAL SUP,albothyl 8 vaginal sup,review,64.00%,Albothyl 90 mg 8 Vaginal Suppositories,125815,albothyl 8 vaginal suppositories 90 mg,60.00%,73.33%,"albothyl, 8, vaginal",sup,"suppositories, 90, mg",315,"[{""name"":""Albothyl 90 mg 8 Vaginal Suppositories"",""score"":""64.00%"",""sku"":""125815"",""db_normalized"":""albothyl 8 vaginal suppositories 90 mg"",""jaccard"":0.6,""sequence"":0.7333,""matched"":[""albothyl"",""8"",""vaginal""],""unmatched_q"":[""sup""],""unmatched_db"":[""suppositories"",""90"",""mg""]}]"
49,ALBURHAN NATURAL OIL اصفر,alburhan natural oil yellow,no_match,29.30%,Yellow Nutritive Oil 125 ml,119284,nutritive yellow oil 125 ml,24.39%,40.74%,"oil, yellow","alburhan, natural","nutritive, 125, ml",1033,"[{""name"":""Yellow Nutritive Oil 125 ml"",""score"":""29.30%"",""sku"":""119284"",""db_normalized"":""nutritive yellow oil 125 ml"",""jaccard"":0.2439,""sequence"":0.4074,""matched"":[""oil"",""yellow""],""unmatched_q"":[""alburhan"",""natural""],""unmatched_db"":[""nutritive"",""125"",""ml""]}]"
50,ALCOHOL 75ML,alcohol 75 ml,review,61.60%,Ingram Cool Shaving Gel 75 ml,6296,ingram cool shaving gel 75 ml,57.58%,52.38%,"alcohol, 75, ml",,"ingram, shaving, gel",11566,"[{""name"":""Ingram Cool Shaving Gel 75 ml"",""score"":""61.60%"",""sku"":""6296"",""db_normalized"":""ingram cool shaving gel 75 ml"",""jaccard"":0.5758,""sequence"":0.5238,""matched"":[""alcohol"",""75"",""ml""],""unmatched_q"":[],""unmatched_db"":[""ingram"",""shaving"",""gel""]}]"
51,ALEGO شفاط مخاط,alego aspirator nasal,no_match,37.90%,Grace Baby Nasal Aspirator,139698,grace nasal aspirator baby,28.57%,59.57%,"aspirator, nasal",alego,"grace, baby",113,"[{""name"":""Grace Baby Nasal Aspirator"",""score"":""37.90%"",""sku"":""139698"",""db_normalized"":""grace nasal aspirator baby"",""jaccard"":0.2857,""sequence"":0.5957,""matched"":[""aspirator"",""nasal""],""unmatched_q"":[""alego""],""unmatched_db"":[""grace"",""baby""]}]"
52,ALERGOLIBER 120ML ORAL SOL,alergoliber oral solution 120 ml,review,69.60%,Citalo Oral Solution 120 ml,126672,citalo oral solution 120 ml,55.56%,81.36%,"oral, solution, 120, ml",alergoliber,citalo,11742,"[{""name"":""Citalo Oral Solution 120 ml"",""score"":""69.60%"",""sku"":""126672"",""db_normalized"":""citalo oral solution 120 ml"",""jaccard"":0.5556,""sequence"":0.8136,""matched"":[""oral"",""solution"",""120"",""ml""],""unmatched_q"":[""alergoliber""],""unmatched_db"":[""citalo""]}]"
53,ALERTAM 180MG 10TAB,alertam 180 mg 10 tab,matched,97.30%,Alertam 180 mg 10 Film Coated Tablets,130007,alertam 10 film coated 180 mg tab,97.83%,66.67%,"alertam, 180, mg, 10, tab",,"film, coated",7935,"[{""name"":""Alertam 180 mg 10 Film Coated Tablets"",""score"":""97.30%"",""sku"":""130007"",""db_normalized"":""alertam 10 film coated 180 mg tab"",""jaccard"":0.9783,""sequence"":0.6667,""matched"":[""alertam"",""180"",""mg"",""10"",""tab""],""unmatched_q"":[],""unmatched_db"":[""film"",""coated""]}]"
54,ALGESAL SURACTIVE 40G CR.,algesal suractive 40 gm cream,matched,93.50%,Algesal Cream 40 gm,127605,algesal 40 gm cream,87.50%,79.17%,"algesal, 40, gm, cream",suractive,,4745,"[{""name"":""Algesal Cream 40 gm"",""score"":""93.50%"",""sku"":""127605"",""db_normalized"":""algesal 40 gm cream"",""jaccard"":0.875,""sequence"":0.7917,""matched"":[""algesal"",""40"",""gm"",""cream""],""unmatched_q"":[""suractive""],""unmatched_db"":[]}]"
55,ALGO GLASS 120 WITH HAND,algo 120 with hand glass,no_match,36.30%,Aishu Hair Comb (2X1) With Hand,139067,aishu comb 2 1 with hand hair,31.67%,60.38%,"120, with, hand","algo, glass","aishu, comb, 2, hair",2632,"[{""name"":""Aishu Hair Comb (2X1) With Hand"",""score"":""36.30%"",""sku"":""139067"",""db_normalized"":""aishu comb 2 1 with hand hair"",""jaccard"":0.3167,""sequence"":0.6038,""matched"":[""120"",""with"",""hand""],""unmatched_q"":[""algo"",""glass""],""unmatched_db"":[""aishu"",""comb"",""2"",""hair""]}]"
56,ALICE BREEZE,alice breeze,review,51.80%,Alice Hair Care Set,139856,alice care hair set,49.18%,58.06%,alice,breeze,"care, hair, set",237,"[{""name"":""Alice Hair Care Set"",""score"":""51.80%"",""sku"":""139856"",""db_normalized"":""alice care hair set"",""jaccard"":0.4918,""sequence"":0.5806,""matched"":[""alice""],""unmatched_q"":[""breeze""],""unmatched_db"":[""care"",""hair"",""set""]}]"
57,ALICE طقم فرش مكياج 7 قطع,alice brushes 7 pieces set makeup,review,74.10%,Alice (006) Travel Essentials 7 Pieces (Makeup Brushes),118001,alice 006 travel essentials 7 pieces brushes makeup,66.67%,69.05%,"alice, brushes, 7, pieces, makeup",set,"006, travel, essentials",1735,"[{""name"":""Alice (006) Travel Essentials 7 Pieces (Makeup Brushes)"",""score"":""74.10%"",""sku"":""118001"",""db_normalized"":""alice 006 travel essentials 7 pieces brushes makeup"",""jaccard"":0.6667,""sequence"":0.6905,""matched"":[""alice"",""brushes"",""7"",""pieces"",""makeup""],""unmatched_q"":[""set""],""unmatched_db"":[""006"",""travel"",""essentials""]}]"
58,ALKA-MISR 12SACH.,alka misr 12 sachet,matched,100.00%,Alka Misr 12 Sachets,130976,alka misr 12 sachet,100.00%,100.00%,"alka, misr, 12, sachet",,,785,"[{""name"":""Alka Misr 12 Sachets"",""score"":""100.00%"",""sku"":""130976"",""db_normalized"":""alka misr 12 sachet"",""jaccard"":1,""sequence"":1,""matched"":[""alka"",""misr"",""12"",""sachet""],""unmatched_q"":[],""unmatched_db"":[]}]"
59,ALKAPRESS PLUS 5/160MG 14TAB,alkapress 5 160 mg plus 14 tab,matched,93.30%,Alkapress Plus 5 mg/160 mg 14 Film Coated Tablets,132080,alkapress 14 film coated 5 mg 160 mg plus tab,90.32%,72.00%,"alkapress, 5, 160, mg, plus, 14, tab",,"film, coated, mg",7583,"[{""name"":""Alkapress Plus 5 mg/160 mg 14 Film Coated Tablets"",""score"":""93.30%"",""sku"":""132080"",""db_normalized"":""alkapress 14 film coated 5 mg 160 mg plus tab"",""jaccard"":0.9032,""sequence"":0.72,""matched"":[""alkapress"",""5"",""160"",""mg"",""plus"",""14"",""tab""],""unmatched_q"":[],""unmatched_db"":[""film"",""coated"",""mg""]}]"
60,ALLEAR 5MG 20TAB,allear 5 mg 20 tab,matched,100.00%,Allear 5 mg 20 Tablets,129832,allear 5 mg 20 tab,100.00%,100.00%,"allear, 5, mg, 20, tab",,,7988,"[{""name"":""Allear 5 mg 20 Tablets"",""score"":""100.00%"",""sku"":""129832"",""db_normalized"":""allear 5 mg 20 tab"",""jaccard"":1,""sequence"":1,""matched"":[""allear"",""5"",""mg"",""20"",""tab""],""unmatched_q"":[],""unmatched_db"":[]}]"
61,ALLERBAN S.R 2MG 20TAB,allerban s.r 2 mg 20 tab,matched,100.00%,Allerban S R 2 mg 20 Tablets,128635,allerban s r 2 mg 20 tab,90.00%,95.83%,"allerban, s.r, 2, mg, 20, tab",,r,7984,"[{""name"":""Allerban S R 2 mg 20 Tablets"",""score"":""100.00%"",""sku"":""128635"",""db_normalized"":""allerban s r 2 mg 20 tab"",""jaccard"":0.9,""sequence"":0.9583,""matched"":[""allerban"",""s.r"",""2"",""mg"",""20"",""tab""],""unmatched_q"":[],""unmatched_db"":[""r""]}]"
62,ALLERBAN SYP 100ML,allerban syrup 100 ml,matched,100.00%,Allerban Syrup 100 ml,128663,allerban syrup 100 ml,100.00%,100.00%,"allerban, syrup, 100, ml",,,12254,"[{""name"":""Allerban Syrup 100 ml"",""score"":""100.00%"",""sku"":""128663"",""db_normalized"":""allerban syrup 100 ml"",""jaccard"":1,""sequence"":1,""matched"":[""allerban"",""syrup"",""100"",""ml""],""unmatched_q"":[],""unmatched_db"":[]}]"
63,ALLERGEX 20GM CREAM,allergex 20 gm cream,matched,100.00%,Allergex Cream 20 gm,127684,allergex 20 gm cream,100.00%,100.00%,"allergex, 20, gm, cream",,,6388,"[{""name"":""Allergex Cream 20 gm"",""score"":""100.00%"",""sku"":""127684"",""db_normalized"":""allergex 20 gm cream"",""jaccard"":1,""sequence"":1,""matched"":[""allergex"",""20"",""gm"",""cream""],""unmatched_q"":[],""unmatched_db"":[]}]"
64,ALLERGYL 120CC SYP.,allergyl syrup 120 ml,matched,100.00%,Allergyl Syrup 120 ml,128898,allergyl syrup 120 ml,100.00%,100.00%,"allergyl, syrup, 120, ml",,,11628,"[{""name"":""Allergyl Syrup 120 ml"",""score"":""100.00%"",""sku"":""128898"",""db_normalized"":""allergyl syrup 120 ml"",""jaccard"":1,""sequence"":1,""matched"":[""allergyl"",""syrup"",""120"",""ml""],""unmatched_q"":[],""unmatched_db"":[]}]"
65,ALL-VENT 125ML SYP,all vent syrup 125 ml,matched,100.00%,All-Vent Syrup 125 ml,125097,all vent syrup 125 ml,100.00%,100.00%,"all, vent, syrup, 125, ml",,,11469,"[{""name"":""All-Vent Syrup 125 ml"",""score"":""100.00%"",""sku"":""125097"",""db_normalized"":""all vent syrup 125 ml"",""jaccard"":1,""sequence"":1,""matched"":[""all"",""vent"",""syrup"",""125"",""ml""],""unmatched_q"":[],""unmatched_db"":[]}]"
66,ALOE EVA CREAM 185G بلصبار وزيت الزيتون,aloe eva بلصبار وزيت الزيتون 185 gm cream,review,54.90%,Aloe Eva Hair cream with Aloe Vera 185 gm,45142,aloe eva with aloe vera 185 gm hair cream,53.33%,58.54%,"aloe, eva, 185, gm, cream","بلصبار, وزيت, الزيتون","with, aloe, vera, hair",4615,"[{""name"":""Aloe Eva Hair cream with Aloe Vera 185 gm"",""score"":""54.90%"",""sku"":""45142"",""db_normalized"":""aloe eva with aloe vera 185 gm hair cream"",""jaccard"":0.5333,""sequence"":0.5854,""matched"":[""aloe"",""eva"",""185"",""gm"",""cream""],""unmatched_q"":[""بلصبار"",""وزيت"",""الزيتون""],""unmatched_db"":[""with"",""aloe"",""vera"",""hair""]}]"
67,ALOE EVA CREAM HAIR 85 GM,aloe eva 85 gm cream hair,review,78.10%,Aloe Eva Hair cream with Aloe Vera 85 gm,102692,aloe eva with aloe vera 85 gm hair cream,75.00%,61.54%,"aloe, eva, 85, gm, cream, hair",,"with, aloe, vera",6364,"[{""name"":""Aloe Eva Hair cream with Aloe Vera 85 gm"",""score"":""78.10%"",""sku"":""102692"",""db_normalized"":""aloe eva with aloe vera 85 gm hair cream"",""jaccard"":0.75,""sequence"":0.6154,""matched"":[""aloe"",""eva"",""85"",""gm"",""cream"",""hair""],""unmatched_q"":[],""unmatched_db"":[""with"",""aloe"",""vera""]}]"
68,ALOE EVA HAIR OIL 255ML,aloe eva hair oil 255 ml,review,82.90%,Aloe Eva Hair Oil with Aloe Vera 255 ml,141732,aloe eva with aloe vera hair oil 255 ml,75.00%,76.19%,"aloe, eva, hair, oil, 255, ml",,"with, aloe, vera",12089,"[{""name"":""Aloe Eva Hair Oil with Aloe Vera 255 ml"",""score"":""82.90%"",""sku"":""141732"",""db_normalized"":""aloe eva with aloe vera hair oil 255 ml"",""jaccard"":0.75,""sequence"":0.7619,""matched"":[""aloe"",""eva"",""hair"",""oil"",""255"",""ml""],""unmatched_q"":[],""unmatched_db"":[""with"",""aloe"",""vera""]}]"
69,ALOE VERA GEL,aloe vera gel,review,61.80%,Raw African Aloe Vera Gel 150 ml,122451,raw african aloe vera gel 150 ml,55.56%,57.78%,"aloe, vera, gel",,"raw, african, 150, ml",1463,"[{""name"":""Raw African Aloe Vera Gel 150 ml"",""score"":""61.80%"",""sku"":""122451"",""db_normalized"":""raw african aloe vera gel 150 ml"",""jaccard"":0.5556,""sequence"":0.5778,""matched"":[""aloe"",""vera"",""gel""],""unmatched_q"":[],""unmatched_db"":[""raw"",""african"",""150"",""ml""]}]"
70,ALOEKITA ANTIDANDRUFF HAIR SHAMPOO 200ML,aloekita antidandruff hair shampoo 200 ml,matched,96.50%,Aloekita Anti-Dandruff Shampoo 200 ml,22695,aloekita anti dandruff shampoo 200 ml,85.71%,92.31%,"aloekita, antidandruff, shampoo, 200, ml",hair,anti,12231,"[{""name"":""Aloekita Anti-Dandruff Shampoo 200 ml"",""score"":""96.50%"",""sku"":""22695"",""db_normalized"":""aloekita anti dandruff shampoo 200 ml"",""jaccard"":0.8571,""sequence"":0.9231,""matched"":[""aloekita"",""antidandruff"",""shampoo"",""200"",""ml""],""unmatched_q"":[""hair""],""unmatched_db"":[""anti""]}]"
71,ALOEKITA DSDA H.SHAMPOO 250ML,aloekita dsda h.shampoo 250 ml,matched,100.00%,Aloekita DSDA Shampoo 250 ml,93015,aloekita dsda shampoo 250 ml,98.44%,96.55%,"aloekita, dsda, h.shampoo, 250, ml",,,11591,"[{""name"":""Aloekita DSDA Shampoo 250 ml"",""score"":""100.00%"",""sku"":""93015"",""db_normalized"":""aloekita dsda shampoo 250 ml"",""jaccard"":0.9844,""sequence"":0.9655,""matched"":[""aloekita"",""dsda"",""h.shampoo"",""250"",""ml""],""unmatched_q"":[],""unmatched_db"":[]}]"
72,ALOEKITA HAIR CONDITIONER,aloekita hair conditioner,review,78.50%,Aloekita Hair Nourishing Conditioner 200 ml,24822,aloekita hair nourishing conditioner 200 ml,70.42%,73.53%,"aloekita, hair, conditioner",,"nourishing, 200, ml",2587,"[{""name"":""Aloekita Hair Nourishing Conditioner 200 ml"",""score"":""78.50%"",""sku"":""24822"",""db_normalized"":""aloekita hair nourishing conditioner 200 ml"",""jaccard"":0.7042,""sequence"":0.7353,""matched"":[""aloekita"",""hair"",""conditioner""],""unmatched_q"":[],""unmatched_db"":[""nourishing"",""200"",""ml""]}]"
73,ALOEKITA HAIR SHAMPOO 200ML,aloekita hair shampoo 200 ml,matched,95.10%,Aloekita Caffeine Shampoo 200 ml,75988,aloekita caffeine shampoo 200 ml,86.42%,86.67%,"aloekita, shampoo, 200, ml",hair,caffeine,12231,"[{""name"":""Aloekita Caffeine Shampoo 200 ml"",""score"":""95.10%"",""sku"":""75988"",""db_normalized"":""aloekita caffeine shampoo 200 ml"",""jaccard"":0.8642,""sequence"":0.8667,""matched"":[""aloekita"",""shampoo"",""200"",""ml""],""unmatched_q"":[""hair""],""unmatched_db"":[""caffeine""]}]"
74,ALOEKITA HAIR SPRAY 200ML,aloekita hair spray 200 ml,matched,100.00%,Aloekita Hair Growth Spray 200 ml,33831,aloekita growth hair spray 200 ml,98.77%,88.14%,"aloekita, hair, spray, 200, ml",,growth,12246,"[{""name"":""Aloekita Hair Growth Spray 200 ml"",""score"":""100.00%"",""sku"":""33831"",""db_normalized"":""aloekita growth hair spray 200 ml"",""jaccard"":0.9877,""sequence"":0.8814,""matched"":[""aloekita"",""hair"",""spray"",""200"",""ml""],""unmatched_q"":[],""unmatched_db"":[""growth""]}]"
75,ALOPANTHEN HAIR LOTION 190ML,alopanthen hair lotion 190 ml,matched,100.00%,Alopanthen Hair Lotion 190 ml,137291,alopanthen hair lotion 190 ml,100.00%,100.00%,"alopanthen, hair, lotion, 190, ml",,,11956,"[{""name"":""Alopanthen Hair Lotion 190 ml"",""score"":""100.00%"",""sku"":""137291"",""db_normalized"":""alopanthen hair lotion 190 ml"",""jaccard"":1,""sequence"":1,""matched"":[""alopanthen"",""hair"",""lotion"",""190"",""ml""],""unmatched_q"":[],""unmatched_db"":[]}]"
76,ALPHANOVA PLUS 5ML EYE DROPS,alphanova eye plus drops 5 ml,matched,100.00%,Alphanova Plus Eye Drops 5 ml,132308,alphanova eye plus drops 5 ml,100.00%,100.00%,"alphanova, eye, plus, drops, 5, ml",,,12663,"[{""name"":""Alphanova Plus Eye Drops 5 ml"",""score"":""100.00%"",""sku"":""132308"",""db_normalized"":""alphanova eye plus drops 5 ml"",""jaccard"":1,""sequence"":1,""matched"":[""alphanova"",""eye"",""plus"",""drops"",""5"",""ml""],""unmatched_q"":[],""unmatched_db"":[]}]"
77,ALPHINTERN 30T.,alphintern 30 tab,matched,100.00%,Alphintern 30 Tablets,124427,alphintern 30 tab,100.00%,100.00%,"alphintern, 30, tab",,,6623,"[{""name"":""Alphintern 30 Tablets"",""score"":""100.00%"",""sku"":""124427"",""db_normalized"":""alphintern 30 tab"",""jaccard"":1,""sequence"":1,""matched"":[""alphintern"",""30"",""tab""],""unmatched_q"":[],""unmatched_db"":[]}]"
78,ALTIAZEM 60MG 40TAB,altiazem 60 mg 40 tab,matched,100.00%,Altiazem 60 mg 40 Tablets,131042,altiazem 60 mg 40 tab,100.00%,100.00%,"altiazem, 60, mg, 40, tab",,,7794,"[{""name"":""Altiazem 60 mg 40 Tablets"",""score"":""100.00%"",""sku"":""131042"",""db_normalized"":""altiazem 60 mg 40 tab"",""jaccard"":1,""sequence"":1,""matched"":[""altiazem"",""60"",""mg"",""40"",""tab""],""unmatched_q"":[],""unmatched_db"":[]}]"
79,ALVEOLIN-P 100ML SYP,alveolin syrup 100 ml,matched,100.00%,Alveolin - P Syrup 100 ml,125966,alveolin syrup 100 ml,100.00%,100.00%,"alveolin, syrup, 100, ml",,,12253,"[{""name"":""Alveolin - P Syrup 100 ml"",""score"":""100.00%"",""sku"":""125966"",""db_normalized"":""alveolin syrup 100 ml"",""jaccard"":1,""sequence"":1,""matched"":[""alveolin"",""syrup"",""100"",""ml""],""unmatched_q"":[],""unmatched_db"":[]}]"
80,ALVITAL 120ML SYP,alvital syrup 120 ml,matched,100.00%,Alvital Syrup 120 ml,34246,alvital syrup 120 ml,100.00%,100.00%,"alvital, syrup, 120, ml",,,11627,"[{""name"":""Alvital Syrup 120 ml"",""score"":""100.00%"",""sku"":""34246"",""db_normalized"":""alvital syrup 120 ml"",""jaccard"":1,""sequence"":1,""matched"":[""alvital"",""syrup"",""120"",""ml""],""unmatched_q"":[],""unmatched_db"":[]}]"
81,ALWAYS BREATHABLE SENSITIVE 30 PADS,always breathable sensitive 30 pads,no_match,48.30%,Always Sensitive Maxi Long 28 Pads,115504,always sensitive maxi long 28 pads,49.41%,63.77%,"always, sensitive, pads","breathable, 30","maxi, long, 28",4499,"[{""name"":""Always Sensitive Maxi Long 28 Pads"",""score"":""48.30%"",""sku"":""115504"",""db_normalized"":""always sensitive maxi long 28 pads"",""jaccard"":0.4941,""sequence"":0.6377,""matched"":[""always"",""sensitive"",""pads""],""unmatched_q"":[""breathable"",""30""],""unmatched_db"":[""maxi"",""long"",""28""]}]"
82,ALWAYS COTTONY SOFT EXTRA LONG 7 PADS,always cottony extra soft long 7 pads,matched,89.70%,Always Cotton Soft Maxi Thick & Extra Long 7 Pads,72320,always extra cotton soft maxi thick long 7 pads,85.82%,71.43%,"always, cottony, extra, soft, long, 7, pads",,"maxi, thick",1116,"[{""name"":""Always Cotton Soft Maxi Thick & Extra Long 7 Pads"",""score"":""89.70%"",""sku"":""72320"",""db_normalized"":""always extra cotton soft maxi thick long 7 pads"",""jaccard"":0.8582,""sequence"":0.7143,""matched"":[""always"",""cottony"",""extra"",""soft"",""long"",""7"",""pads""],""unmatched_q"":[],""unmatched_db"":[""maxi"",""thick""]}]"
83,ALWAYS MAXI LONG 16PADS OFFER,always offer maxi long 16 pads,matched,90.00%,Always Cotton Soft Maxi Thick & Long 16 Pads,105390,always cotton soft maxi thick long 16 pads,84.71%,75.00%,"always, maxi, long, 16, pads",offer,"cotton, soft, thick",783,"[{""name"":""Always Cotton Soft Maxi Thick & Long 16 Pads"",""score"":""90.00%"",""sku"":""105390"",""db_normalized"":""always cotton soft maxi thick long 16 pads"",""jaccard"":0.8471,""sequence"":0.75,""matched"":[""always"",""maxi"",""long"",""16"",""pads""],""unmatched_q"":[""offer""],""unmatched_db"":[""cotton"",""soft"",""thick""]}]"
84,ALWAYS MAXI LONG 8 PAD,always 8 pad maxi long,matched,95.50%,Always Protect Plus -Maxi Long 8 Pads,126657,always protect plus maxi long 8 pads,95.95%,65.52%,"always, 8, pad, maxi, long",,"protect, plus",438,"[{""name"":""Always Protect Plus -Maxi Long 8 Pads"",""score"":""95.50%"",""sku"":""126657"",""db_normalized"":""always protect plus maxi long 8 pads"",""jaccard"":0.9595,""sequence"":0.6552,""matched"":[""always"",""8"",""pad"",""maxi"",""long""],""unmatched_q"":[],""unmatched_db"":[""protect"",""plus""]}]"
85,ALWAYS MAXI THICK,always maxi thick,review,69.10%,Always Cotton Soft Maxi Thick & Long 8 Pads,104472,always cotton soft maxi thick long 8 pads,64.62%,58.62%,"always, maxi, thick",,"cotton, soft, long, 8, pads",139,"[{""name"":""Always Cotton Soft Maxi Thick & Long 8 Pads"",""score"":""69.10%"",""sku"":""104472"",""db_normalized"":""always cotton soft maxi thick long 8 pads"",""jaccard"":0.6462,""sequence"":0.5862,""matched"":[""always"",""maxi"",""thick""],""unmatched_q"":[],""unmatched_db"":[""cotton"",""soft"",""long"",""8"",""pads""]}]"
86,ALWAYS MAXI THICK 8 PADS,always maxi thick 8 pads,matched,98.30%,Always Cotton Soft Maxi Thick & Long 8 Pads,104472,always cotton soft maxi thick long 8 pads,96.00%,73.85%,"always, maxi, thick, 8, pads",,"cotton, soft, long",485,"[{""name"":""Always Cotton Soft Maxi Thick & Long 8 Pads"",""score"":""98.30%"",""sku"":""104472"",""db_normalized"":""always cotton soft maxi thick long 8 pads"",""jaccard"":0.96,""sequence"":0.7385,""matched"":[""always"",""maxi"",""thick"",""8"",""pads""],""unmatched_q"":[],""unmatched_db"":[""cotton"",""soft"",""long""]}]"
87,ALWAYS MAXI THICK EXTRA LONG 18PADS,always extra maxi thick long 18 pads,review,69.20%,Always Sensitive Maxi Thick Extra Long 26 Pads,114938,always extra sensitive maxi thick long 26 pads,64.37%,82.93%,"always, extra, maxi, thick, long, pads",18,"sensitive, 26",543,"[{""name"":""Always Sensitive Maxi Thick Extra Long 26 Pads"",""score"":""69.20%"",""sku"":""114938"",""db_normalized"":""always extra sensitive maxi thick long 26 pads"",""jaccard"":0.6437,""sequence"":0.8293,""matched"":[""always"",""extra"",""maxi"",""thick"",""long"",""pads""],""unmatched_q"":[""18""],""unmatched_db"":[""sensitive"",""26""]}]"
88,ALWAYS MAXI THICK EXTRA LONG 7 PADS,always extra maxi thick long 7 pads,matched,100.00%,Always Cotton Soft Maxi Thick & Extra Long 7 Pads,72320,always extra cotton soft maxi thick long 7 pads,97.44%,85.37%,"always, extra, maxi, thick, long, 7, pads",,"cotton, soft",710,"[{""name"":""Always Cotton Soft Maxi Thick & Extra Long 7 Pads"",""score"":""100.00%"",""sku"":""72320"",""db_normalized"":""always extra cotton soft maxi thick long 7 pads"",""jaccard"":0.9744,""sequence"":0.8537,""matched"":[""always"",""extra"",""maxi"",""thick"",""long"",""7"",""pads""],""unmatched_q"":[],""unmatched_db"":[""cotton"",""soft""]}]"
89,ALWAYS MAXI THICK LONG 18P,always 18 maxi thick long,review,56.20%,Always Cotton Soft Maxi Thick & Long 8 Pads,104472,always cotton soft maxi thick long 8 pads,51.16%,69.70%,"always, maxi, thick, long",18,"cotton, soft, 8, pads",279,"[{""name"":""Always Cotton Soft Maxi Thick & Long 8 Pads"",""score"":""56.20%"",""sku"":""104472"",""db_normalized"":""always cotton soft maxi thick long 8 pads"",""jaccard"":0.5116,""sequence"":0.697,""matched"":[""always"",""maxi"",""thick"",""long""],""unmatched_q"":[""18""],""unmatched_db"":[""cotton"",""soft"",""8"",""pads""]}]"
90,ALWAYS SENSTVE LONG 8 PADS,always senstve long 8 pads,review,78.10%,Always Protect Plus -Maxi Long 8 Pads,126657,always protect plus maxi long 8 pads,73.81%,64.52%,"always, long, 8, pads",senstve,"protect, plus, maxi",481,"[{""name"":""Always Protect Plus -Maxi Long 8 Pads"",""score"":""78.10%"",""sku"":""126657"",""db_normalized"":""always protect plus maxi long 8 pads"",""jaccard"":0.7381,""sequence"":0.6452,""matched"":[""always"",""long"",""8"",""pads""],""unmatched_q"":[""senstve""],""unmatched_db"":[""protect"",""plus"",""maxi""]}]"
91,ALWAYS ULTRA EXTRA LONG 14PCS,always extra 14 ultra long,review,82.70%,Always Ultra Slim Protect Plus - Extra Long 14 Pads,136749,always slim protect extra ultra plus long 14 pads,81.16%,61.33%,"always, extra, 14, ultra, long",,"slim, protect, plus, pads",890,"[{""name"":""Always Ultra Slim Protect Plus - Extra Long 14 Pads"",""score"":""82.70%"",""sku"":""136749"",""db_normalized"":""always slim protect extra ultra plus long 14 pads"",""jaccard"":0.8116,""sequence"":0.6133,""matched"":[""always"",""extra"",""14"",""ultra"",""long""],""unmatched_q"":[],""unmatched_db"":[""slim"",""protect"",""plus"",""pads""]}]"
92,ALWAYS ULTRA EXTRA LONG 7 PCS,always extra 7 ultra long,review,83.30%,Always Ultra Slim Protect Plus - Extra Long 7 Pads,136746,always slim protect extra ultra plus long 7 pads,81.16%,63.01%,"always, extra, 7, ultra, long",,"slim, protect, plus, pads",718,"[{""name"":""Always Ultra Slim Protect Plus - Extra Long 7 Pads"",""score"":""83.30%"",""sku"":""136746"",""db_normalized"":""always slim protect extra ultra plus long 7 pads"",""jaccard"":0.8116,""sequence"":0.6301,""matched"":[""always"",""extra"",""7"",""ultra"",""long""],""unmatched_q"":[],""unmatched_db"":[""slim"",""protect"",""plus"",""pads""]}]"
93,ALWAYS ULTRA LONG 16 PADS,always ultra long 16 pads,matched,86.60%,Always Ultra Slim Protect Plus -Maxi Long 16 Pads,136751,always slim protect ultra plus maxi long 16 pads,83.12%,68.49%,"always, ultra, long, 16, pads",,"slim, protect, plus, maxi",450,"[{""name"":""Always Ultra Slim Protect Plus -Maxi Long 16 Pads"",""score"":""86.60%"",""sku"":""136751"",""db_normalized"":""always slim protect ultra plus maxi long 16 pads"",""jaccard"":0.8312,""sequence"":0.6849,""matched"":[""always"",""ultra"",""long"",""16"",""pads""],""unmatched_q"":[],""unmatched_db"":[""slim"",""protect"",""plus"",""maxi""]}]"
94,ALWAYS ULTRA LONG 8PCS,always 8 ultra long,review,72.00%,Always Ultra Slim Protect Plus -Maxi Long 8 Pads,136755,always slim protect ultra plus maxi long 8 pads,70.13%,54.55%,"always, 8, ultra, long",,"slim, protect, plus, maxi, pads",536,"[{""name"":""Always Ultra Slim Protect Plus -Maxi Long 8 Pads"",""score"":""72.00%"",""sku"":""136755"",""db_normalized"":""always slim protect ultra plus maxi long 8 pads"",""jaccard"":0.7013,""sequence"":0.5455,""matched"":[""always"",""8"",""ultra"",""long""],""unmatched_q"":[],""unmatched_db"":[""slim"",""protect"",""plus"",""maxi"",""pads""]}]"
95,ALZENTAL 200MG  6 TAB,alzental 200 mg 6 tab,matched,100.00%,Alzental 200 mg 6 Tablets,126439,alzental 200 mg 6 tab,100.00%,100.00%,"alzental, 200, mg, 6, tab",,,8262,"[{""name"":""Alzental 200 mg 6 Tablets"",""score"":""100.00%"",""sku"":""126439"",""db_normalized"":""alzental 200 mg 6 tab"",""jaccard"":1,""sequence"":1,""matched"":[""alzental"",""200"",""mg"",""6"",""tab""],""unmatched_q"":[],""unmatched_db"":[]}]"
96,ALZENTAL 200MG 2TAB.,alzental 200 mg 2 tab,matched,85.30%,Alzental 200 mg 6 Tablets,126439,alzental 200 mg 6 tab,70.00%,95.24%,"alzental, 200, mg, tab",2,6,8475,"[{""name"":""Alzental 200 mg 6 Tablets"",""score"":""85.30%"",""sku"":""126439"",""db_normalized"":""alzental 200 mg 6 tab"",""jaccard"":0.7,""sequence"":0.9524,""matched"":[""alzental"",""200"",""mg"",""tab""],""unmatched_q"":[""2""],""unmatched_db"":[""6""]}]"
97,ALZIXA 10MG 30TAB,alzixa 10 mg 30 tab,matched,100.00%,Alzixa 10 mg 30 Tablets,120545,alzixa 10 mg 30 tab,100.00%,100.00%,"alzixa, 10, mg, 30, tab",,,9643,"[{""name"":""Alzixa 10 mg 30 Tablets"",""score"":""100.00%"",""sku"":""120545"",""db_normalized"":""alzixa 10 mg 30 tab"",""jaccard"":1,""sequence"":1,""matched"":[""alzixa"",""10"",""mg"",""30"",""tab""],""unmatched_q"":[],""unmatched_db"":[]}]"
98,ALZMENDA 10MG 21TAB,alzmenda 10 mg 21 tab,matched,100.00%,Alzmenda 10 mg 21 Tablets,128329,alzmenda 10 mg 21 tab,100.00%,100.00%,"alzmenda, 10, mg, 21, tab",,,7841,"[{""name"":""Alzmenda 10 mg 21 Tablets"",""score"":""100.00%"",""sku"":""128329"",""db_normalized"":""alzmenda 10 mg 21 tab"",""jaccard"":1,""sequence"":1,""matched"":[""alzmenda"",""10"",""mg"",""21"",""tab""],""unmatched_q"":[],""unmatched_db"":[]}]"
99,ALZMENDA 20MG 21 TAB,alzmenda 20 mg 21 tab,matched,100.00%,Alzmenda 20 mg 21 Tablets,133813,alzmenda 20 mg 21 tab,100.00%,100.00%,"alzmenda, 20, mg, 21, tab",,,7498,"[{""name"":""Alzmenda 20 mg 21 Tablets"",""score"":""100.00%"",""sku"":""133813"",""db_normalized"":""alzmenda 20 mg 21 tab"",""jaccard"":1,""sequence"":1,""matched"":[""alzmenda"",""20"",""mg"",""21"",""tab""],""unmatched_q"":[],""unmatched_db"":[]}]"
100,ALZMENDA 5MG 14TAB,alzmenda 5 mg 14 tab,matched,100.00%,Alzmenda 5 mg 14 Tablets,132126,alzmenda 5 mg 14 tab,100.00%,100.00%,"alzmenda, 5, mg, 14, tab",,,7229,"[{""name"":""Alzmenda 5 mg 14 Tablets"",""score"":""100.00%"",""sku"":""132126"",""db_normalized"":""alzmenda 5 mg 14 tab"",""jaccard"":1,""sequence"":1,""matched"":[""alzmenda"",""5"",""mg"",""14"",""tab""],""unmatched_q"":[],""unmatched_db"":[]}]"